{
  "features.0.0": {
    "min": -5.072215557098389,
    "max": 4.9426493644714355,
    "samples": 200000
  },
  "features.0.2": {
    "min": 0.0,
    "max": 2.0966620445251465,
    "samples": 200000
  },
  "features.1.conv.0.0": {
    "min": -1.667654037475586,
    "max": 1.2900696992874146,
    "samples": 200000
  },
  "features.1.conv.0.2": {
    "min": 0.0,
    "max": 2.7359209060668945,
    "samples": 200000
  },
  "features.1.conv.1": {
    "min": -4.442271709442139,
    "max": 3.5954933166503906,
    "samples": 200000
  },
  "features.2.conv.0.0": {
    "min": -64.04682922363281,
    "max": 65.22024536132812,
    "samples": 200000
  },
  "features.2.conv.0.2": {
    "min": 0.0,
    "max": 1.216416835784912,
    "samples": 200000
  },
  "features.2.conv.1.0": {
    "min": -1.0296528339385986,
    "max": 0.7792301774024963,
    "samples": 200000
  },
  "features.2.conv.1.2": {
    "min": 0.0,
    "max": 1.6494771242141724,
    "samples": 200000
  },
  "features.2.conv.2": {
    "min": -2.8611302375793457,
    "max": 5.063518524169922,
    "samples": 200000
  },
  "features.3.conv.0.0": {
    "min": -5.27126407623291,
    "max": 5.602692127227783,
    "samples": 200000
  },
  "features.3.conv.0.2": {
    "min": 0.0,
    "max": 0.9080573320388794,
    "samples": 200000
  },
  "features.3.conv.1.0": {
    "min": -0.41886264085769653,
    "max": 0.3265245854854584,
    "samples": 200000
  },
  "features.3.conv.1.2": {
    "min": 0.0,
    "max": 1.225719928741455,
    "samples": 200000
  },
  "features.3.conv.2": {
    "min": -1.3504542112350464,
    "max": 1.4323838949203491,
    "samples": 200000
  },
  "features.4.conv.0.0": {
    "min": -34.960514068603516,
    "max": 24.669326782226562,
    "samples": 200000
  },
  "features.4.conv.0.2": {
    "min": 0.0,
    "max": 0.9274843335151672,
    "samples": 200000
  },
  "features.4.conv.1.0": {
    "min": -0.6643522381782532,
    "max": 0.6106833219528198,
    "samples": 200000
  },
  "features.4.conv.1.2": {
    "min": 0.0,
    "max": 1.9181265830993652,
    "samples": 200000
  },
  "features.4.conv.2": {
    "min": -6.18434476852417,
    "max": 4.960938930511475,
    "samples": 200000
  },
  "features.5.conv.0.0": {
    "min": -10.384537696838379,
    "max": 9.971769332885742,
    "samples": 200000
  },
  "features.5.conv.0.2": {
    "min": 0.0,
    "max": 0.794489860534668,
    "samples": 200000
  },
  "features.5.conv.1.0": {
    "min": -0.3120795786380768,
    "max": 0.23858985304832458,
    "samples": 200000
  },
  "features.5.conv.1.2": {
    "min": 0.0,
    "max": 1.0698299407958984,
    "samples": 200000
  },
  "features.5.conv.2": {
    "min": -1.127233624458313,
    "max": 1.1923197507858276,
    "samples": 200000
  },
  "features.6.conv.0.0": {
    "min": -11.984962463378906,
    "max": 9.509965896606445,
    "samples": 200000
  },
  "features.6.conv.0.2": {
    "min": 0.0,
    "max": 0.7501991987228394,
    "samples": 200000
  },
  "features.6.conv.1.0": {
    "min": -0.2566663920879364,
    "max": 0.2226983904838562,
    "samples": 200000
  },
  "features.6.conv.1.2": {
    "min": 0.0,
    "max": 1.2555031776428223,
    "samples": 200000
  },
  "features.6.conv.2": {
    "min": -1.0561563968658447,
    "max": 1.0855095386505127,
    "samples": 200000
  },
  "features.7.conv.0.0": {
    "min": -14.45620346069336,
    "max": 12.78585147857666,
    "samples": 200000
  },
  "features.7.conv.0.2": {
    "min": 0.0,
    "max": 0.8601794838905334,
    "samples": 200000
  },
  "features.7.conv.1.0": {
    "min": -0.4000660479068756,
    "max": 0.5447742938995361,
    "samples": 200000
  },
  "features.7.conv.1.2": {
    "min": 0.0,
    "max": 1.9004021883010864,
    "samples": 200000
  },
  "features.7.conv.2": {
    "min": -5.9322028160095215,
    "max": 3.4829981327056885,
    "samples": 200000
  },
  "features.8.conv.0.0": {
    "min": -5.588484764099121,
    "max": 4.810905933380127,
    "samples": 200000
  },
  "features.8.conv.0.2": {
    "min": 0.0,
    "max": 0.6543217897415161,
    "samples": 200000
  },
  "features.8.conv.1.0": {
    "min": -0.1771225780248642,
    "max": 0.16475015878677368,
    "samples": 200000
  },
  "features.8.conv.1.2": {
    "min": 0.0,
    "max": 0.947571873664856,
    "samples": 200000
  },
  "features.8.conv.2": {
    "min": -0.676855742931366,
    "max": 0.6775265336036682,
    "samples": 200000
  },
  "features.9.conv.0.0": {
    "min": -3.015181303024292,
    "max": 3.2152106761932373,
    "samples": 200000
  },
  "features.9.conv.0.2": {
    "min": 0.0,
    "max": 0.6041201949119568,
    "samples": 200000
  },
  "features.9.conv.1.0": {
    "min": -0.1383621096611023,
    "max": 0.13045814633369446,
    "samples": 200000
  },
  "features.9.conv.1.2": {
    "min": 0.0,
    "max": 0.9351083040237427,
    "samples": 200000
  },
  "features.9.conv.2": {
    "min": -0.5619996190071106,
    "max": 0.5249951481819153,
    "samples": 200000
  },
  "features.10.conv.0.0": {
    "min": -4.516340255737305,
    "max": 4.017405986785889,
    "samples": 200000
  },
  "features.10.conv.0.2": {
    "min": 0.0,
    "max": 0.5775870680809021,
    "samples": 200000
  },
  "features.10.conv.1.0": {
    "min": -0.1183500811457634,
    "max": 0.1195969358086586,
    "samples": 200000
  },
  "features.10.conv.1.2": {
    "min": 0.0,
    "max": 0.9788406491279602,
    "samples": 200000
  },
  "features.10.conv.2": {
    "min": -0.5064781308174133,
    "max": 0.510809600353241,
    "samples": 200000
  },
  "features.11.conv.0.0": {
    "min": -17.293615341186523,
    "max": 16.494062423706055,
    "samples": 200000
  },
  "features.11.conv.0.2": {
    "min": 0.0,
    "max": 0.7678549289703369,
    "samples": 200000
  },
  "features.11.conv.1.0": {
    "min": -0.19424772262573242,
    "max": 0.21745151281356812,
    "samples": 200000
  },
  "features.11.conv.1.2": {
    "min": 0.0,
    "max": 1.4081496000289917,
    "samples": 200000
  },
  "features.11.conv.2": {
    "min": -1.058086633682251,
    "max": 1.0037238597869873,
    "samples": 200000
  },
  "features.12.conv.0.0": {
    "min": -0.6865091323852539,
    "max": 0.7186309099197388,
    "samples": 200000
  },
  "features.12.conv.0.2": {
    "min": 0.0,
    "max": 0.6585795283317566,
    "samples": 200000
  },
  "features.12.conv.1.0": {
    "min": -0.08262130618095398,
    "max": 0.07882647216320038,
    "samples": 200000
  },
  "features.12.conv.1.2": {
    "min": 0.0,
    "max": 0.9110081195831299,
    "samples": 200000
  },
  "features.12.conv.2": {
    "min": -0.41710203886032104,
    "max": 0.4203912913799286,
    "samples": 200000
  },
  "features.13.conv.0.0": {
    "min": -0.7117547988891602,
    "max": 0.6865784525871277,
    "samples": 200000
  },
  "features.13.conv.0.2": {
    "min": 0.0,
    "max": 0.6876562237739563,
    "samples": 200000
  },
  "features.13.conv.1.0": {
    "min": -0.07312336564064026,
    "max": 0.06884893774986267,
    "samples": 200000
  },
  "features.13.conv.1.2": {
    "min": 0.0,
    "max": 0.9194142818450928,
    "samples": 200000
  },
  "features.13.conv.2": {
    "min": -0.37459176778793335,
    "max": 0.3898816704750061,
    "samples": 200000
  },
  "features.14.conv.0.0": {
    "min": -1.228130578994751,
    "max": 1.3573904037475586,
    "samples": 200000
  },
  "features.14.conv.0.2": {
    "min": 0.0,
    "max": 0.7160563468933105,
    "samples": 200000
  },
  "features.14.conv.1.0": {
    "min": -0.11558286845684052,
    "max": 0.13826927542686462,
    "samples": 200000
  },
  "features.14.conv.1.2": {
    "min": 0.0,
    "max": 1.1299817562103271,
    "samples": 200000
  },
  "features.14.conv.2": {
    "min": -0.6738044619560242,